Allele,D3S1358,D1S1656,D2S441,D10S1248,D13S317,Penta_E,D16S539,D18S51,D2S1338,CSF1PO,Penta_D,TH01,vWA,D21S11,D7S820,D5S818,TPOX,DYS391,D8S1179,D12S391,D19S433,FGA,D22S1045
2.2,0,0,0,0,0,0,0,0,0,0,0.114,0,0,0,0,0,0,0,0,0,0,0,0
3.2,0,0,0,0,0,0,0,0,0,0,0.0088,0,0,0,0,0,0,0,0,0,0,0,0
4,0,0,0,0,0,0,0,0,0,0,0,0,0,0,0,0,0,0,0,0,0,0,0
4.2,0,0,0,0,0,0,0,0,0,0,0,0,0,0,0,0,0,0,0,0,0,0,0
5,0,0,0,0,0,0.095,0.0015,0,0,0,0.0439,0.0044,0,0,0,0,0,0,0,0,0,0,0
6,0,0,0,0,0,0.0015,0,0,0,0,0.0102,0.1316,0,0,0.0015,0,0.0894,0,0,0,0,0,0
6.3,0,0,0,0,0,0,0,0,0,0,0,0,0,0,0,0,0,0,0,0,0,0,0
7,0,0,0,0,0,0.1038,0,0,0,0.0556,0.0439,0.4079,0,0,0.0117,0.0029,0.0176,0,0,0,0,0,0
8,0,0,0,0.0029,0.0278,0.1667,0.0322,0,0,0.0556,0.1082,0.1959,0,0,0.2281,0.0468,0.368,0,0.0073,0,0,0,0.0073
8.1,0,0,0,0,0,0,0,0,0,0,0,0,0,0,0,0,0,0,0,0,0,0,0
9,0,0,0.0029,0.0029,0.0336,0.0512,0.1827,0.0029,0,0.0395,0.1681,0.1594,0,0,0.1155,0.0322,0.195,0,0.0044,0,0,0,0
9.1,0,0,0,0,0,0,0,0,0,0,0,0,0,0,0,0,0,0,0,0,0,0,0
9.3,0,0,0,0,0,0,0,0,0,0,0,0.0965,0,0,0,0,0,0,0,0,0,0,0
10,0,0.0146,0.0848,0.0073,0.0307,0.0468,0.117,0.0044,0,0.25,0.0994,0.0044,0,0,0.3363,0.0731,0.0865,0,0.0307,0,0.0102,0,0.0409
10.1,0,0,0,0,0,0,0,0,0,0,0,0,0,0,0,0,0,0,0,0,0,0,0
10.2,0,0,0,0,0,0,0,0,0,0,0,0,0,0,0,0,0,0,0,0,0,0,0
10.3,0,0,0,0,0,0,0,0,0,0,0,0,0,0,0,0,0,0,0,0,0,0,0
11,0,0.0453,0.3626,0.0351,0.3099,0.0643,0.3143,0.0015,0,0.2485,0.1798,0,0.0029,0,0.2032,0.2339,0.2155,0,0.0526,0,0.0629,0,0.1447
11.2,0,0,0,0,0,0,0,0,0,0,0,0,0,0,0,0,0,0,0,0,0,0,0
11.3,0,0,0.0439,0,0,0,0,0,0,0,0,0,0,0,0,0,0,0,0,0,0,0,0
12,0.0044,0.0643,0.1652,0.1301,0.4181,0.1287,0.2047,0.076,0,0.2953,0.1082,0,0.0015,0,0.0877,0.3684,0.0264,0,0.1301,0,0.1228,0,0.0541
12.2,0,0,0,0,0,0,0,0,0,0,0,0,0,0,0,0,0,0,0,0,0.0365,0,0
12.3,0,0,0.0058,0,0,0,0,0,0,0,0,0,0,0,0,0,0,0,0,0,0,0,0
13,0.0029,0.1009,0.0439,0.2339,0.1404,0.1038,0.1228,0.0409,0,0.0468,0.0833,0,0.0088,0,0.0146,0.2237,0.0015,0,0.2193,0,0.2456,0,0.0029
13.2,0,0,0,0,0,0,0,0.0044,0,0,0,0,0,0,0,0,0,0,0,0,0.0526,0,0
13.3,0,0,0.0029,0,0,0,0,0,0,0,0,0,0,0,0,0,0,0,0,0,0,0,0
13.4,0,0,0,0,0,0,0,0,0,0,0.0015,0,0,0,0,0,0,0,0,0,0,0,0
14,0.0906,0.2573,0.2675,0.2763,0.0395,0.0687,0.0249,0.0716,0,0.0088,0.0249,0,0.0804,0,0.0015,0.0161,0,0,0.2939,0.0015,0.2105,0,0.0775
14.2,0,0,0,0,0,0,0,0,0,0,0,0,0,0,0,0,0,0,0,0,0.0746,0,0
14.3,0,0.0073,0.0015,0,0,0,0,0,0,0,0,0,0,0,0,0,0,0,0,0,0,0,0
15,0.3085,0.1579,0.019,0.1974,0,0.0556,0,0.1652,0.0015,0,0.0044,0,0.1915,0,0,0.0029,0,0,0.1901,0.0775,0.0804,0,0.2515
15.2,0.0015,0,0,0,0,0,0,0.0015,0,0,0,0,0,0,0,0,0,0,0,0,0.0614,0,0
15.3,0,0.0292,0,0,0,0,0,0,0,0,0,0,0,0,0,0,0,0,0,0,0,0,0
15.4,0,0,0,0,0,0,0,0,0,0,0,0,0,0,0,0,0,0,0,0,0,0,0
16,0.3187,0.1096,0,0.0877,0,0.0409,0,0.1711,0.0556,0,0,0,0.25,0,0,0,0,0,0.0643,0.0673,0.0044,0,0.1915
16.2,0,0,0,0,0,0,0,0,0,0,0,0,0,0,0,0,0,0,0,0,0.0263,0.0015,0
16.3,0,0.1023,0,0,0,0,0,0,0,0,0,0,0,0,0,0,0,0,0,0,0,0,0
17,0.212,0.0278,0,0.0249,0,0.0439,0,0.152,0.1009,0,0.0015,0,0.2354,0,0,0,0,0,0.0044,0.1667,0,0,0.2091
17.1,0,0,0,0,0,0,0,0,0,0,0,0,0,0,0,0,0,0,0,0.0044,0,0,0
17.2,0,0,0,0,0,0,0,0,0,0,0,0,0,0,0,0,0,0,0,0,0.0088,0.0015,0
17.3,0,0.0497,0,0,0,0,0,0,0,0,0,0,0,0,0,0,0,0,0,0.0044,0,0,0
18,0.057,0.0029,0,0.0015,0,0.0161,0,0.1213,0.0424,0,0,0,0.1491,0,0,0,0,0,0.0029,0.2529,0,0.0015,0.0146
18.1,0,0,0,0,0,0,0,0,0,0,0,0,0,0,0,0,0,0,0,0.0015,0,0,0
18.2,0,0,0,0,0,0,0,0,0,0,0,0,0,0,0,0,0,0,0,0,0.0029,0.0175,0
18.3,0,0.0234,0,0,0,0,0,0,0,0,0,0,0,0,0,0,0,0,0,0.0044,0,0,0
19,0.0044,0,0,0,0,0.0073,0,0.0994,0.1389,0,0,0,0.0629,0,0,0,0,0,0,0.1477,0,0.0512,0.0058
19.1,0,0,0,0,0,0,0,0,0,0,0,0,0,0,0,0,0,0,0,0.0088,0,0,0
19.2,0,0,0,0,0,0,0,0,0,0,0,0,0,0,0,0,0,0,0,0,0,0.0029,0
19.3,0,0.0073,0,0,0,0,0,0,0,0,0,0,0,0,0,0,0,0,0,0.0044,0,0,0
19.4,0,0,0,0,0,0,0,0,0,0,0,0,0,0,0,0,0,0,0,0,0,0,0
20,0,0,0,0,0,0.0044,0,0.0629,0.1038,0,0,0,0.0161,0,0,0,0,0,0,0.1038,0,0.0541,0
20.1,0,0,0,0,0,0,0,0,0,0,0,0,0,0,0,0,0,0,0,0.0029,0,0,0
20.2,0,0,0,0,0,0,0,0,0,0,0,0,0,0,0,0,0,0,0,0,0,0,0
20.3,0,0,0,0,0,0,0,0,0,0,0,0,0,0,0,0,0,0,0,0,0,0,0
21,0,0,0,0,0,0,0,0.0102,0.136,0,0,0,0.0015,0,0,0,0,0,0,0.0643,0,0.1228,0
21.2,0,0,0,0,0,0,0,0.0015,0,0,0,0,0,0,0,0,0,0,0,0,0,0,0
21.3,0,0,0,0,0,0,0,0,0,0,0,0,0,0,0,0,0,0,0,0,0,0,0
22,0,0,0,0,0,0,0,0.0073,0.1374,0,0,0,0,0,0,0,0,0,0,0.0365,0,0.1988,0
22.2,0,0,0,0,0,0,0,0,0,0,0,0,0,0,0,0,0,0,0,0,0,0.0044,0
22.3,0,0,0,0,0,0,0,0,0,0,0,0,0,0,0,0,0,0,0,0,0,0.0015,0
23,0,0,0,0,0,0,0,0.0044,0.1038,0,0,0,0,0,0,0,0,0,0,0.0292,0,0.1696,0
23.2,0,0,0,0,0,0,0,0,0,0,0,0,0,0,0,0,0,0,0,0,0,0.0015,0
23.3,0,0,0,0,0,0,0,0,0,0,0,0,0,0,0,0,0,0,0,0,0,0,0
24,0,0,0,0,0,0,0,0.0015,0.0833,0,0,0,0,0,0,0,0,0,0,0.0132,0,0.133,0
24.2,0,0,0,0,0,0,0,0,0,0,0,0,0,0,0,0,0,0,0,0,0,0,0
24.3,0,0,0,0,0,0,0,0,0,0,0,0,0,0,0,0,0,0,0,0,0,0,0
25,0,0,0,0,0,0.0015,0,0,0.0775,0,0,0,0,0,0,0,0,0,0,0.0088,0,0.1184,0
25.2,0,0,0,0,0,0,0,0,0,0,0,0,0,0,0,0,0,0,0,0,0,0.0015,0
26,0,0,0,0,0,0,0,0,0.0146,0,0,0,0,0.0015,0,0,0,0,0,0,0,0.0702,0
26.2,0,0,0,0,0,0,0,0,0,0,0,0,0,0,0,0,0,0,0,0,0,0,0
27,0,0,0,0,0,0,0,0,0.0044,0,0,0,0,0.0746,0,0,0,0,0,0,0,0.0234,0
27.2,0,0,0,0,0,0,0,0,0,0,0,0,0,0,0,0,0,0,0,0,0,0,0
27.3,0,0,0,0,0,0,0,0,0,0,0,0,0,0,0,0,0,0,0,0,0,0,0
28,0,0,0,0,0,0,0,0,0,0,0,0,0,0.2456,0,0,0,0,0,0,0,0.0146,0
28.2,0,0,0,0,0,0,0,0,0,0,0,0,0,0,0,0,0,0,0,0,0,0,0
28.3,0,0,0,0,0,0,0,0,0,0,0,0,0,0,0,0,0,0,0,0,0,0,0
29,0,0,0,0,0,0,0,0,0,0,0,0,0,0.2047,0,0,0,0,0,0,0,0.0058,0
29.2,0,0,0,0,0,0,0,0,0,0,0,0,0,0,0,0,0,0,0,0,0,0,0
29.3,0,0,0,0,0,0,0,0,0,0,0,0,0,0.0015,0,0,0,0,0,0,0,0,0
30,0,0,0,0,0,0,0,0,0,0,0,0,0,0.1696,0,0,0,0,0,0,0,0.0015,0
30.2,0,0,0,0,0,0,0,0,0,0,0,0,0,0.0175,0,0,0,0,0,0,0,0.0015,0
30.3,0,0,0,0,0,0,0,0,0,0,0,0,0,0,0,0,0,0,0,0,0,0,0
31,0,0,0,0,0,0,0,0,0,0,0,0,0,0.0789,0,0,0,0,0,0,0,0,0
31.2,0,0,0,0,0,0,0,0,0,0,0,0,0,0.0512,0,0,0,0,0,0,0,0.0015,0
32,0,0,0,0,0,0,0,0,0,0,0,0,0,0.0088,0,0,0,0,0,0,0,0,0
32.2,0,0,0,0,0,0,0,0,0,0,0,0,0,0.0614,0,0,0,0,0,0,0,0,0
33,0,0,0,0,0,0,0,0,0,0,0,0,0,0.0044,0,0,0,0,0,0,0,0,0
33.1,0,0,0,0,0,0,0,0,0,0,0,0,0,0.0029,0,0,0,0,0,0,0,0,0
33.2,0,0,0,0,0,0,0,0,0,0,0,0,0,0.0351,0,0,0,0,0,0,0,0,0
34,0,0,0,0,0,0,0,0,0,0,0,0,0,0.0058,0,0,0,0,0,0,0,0,0
34.2,0,0,0,0,0,0,0,0,0,0,0,0,0,0,0,0,0,0,0,0,0,0,0
35,0,0,0,0,0,0,0,0,0,0,0,0,0,0.0219,0,0,0,0,0,0,0,0,0
36,0,0,0,0,0,0,0,0,0,0,0,0,0,0.0088,0,0,0,0,0,0,0,0,0
37,0,0,0,0,0,0,0,0,0,0,0,0,0,0.0029,0,0,0,0,0,0,0,0,0
38,0,0,0,0,0,0,0,0,0,0,0,0,0,0.0015,0,0,0,0,0,0,0,0,0
39,0,0,0,0,0,0,0,0,0,0,0,0,0,0.0015,0,0,0,0,0,0,0,0,0
43.2,0,0,0,0,0,0,0,0,0,0,0,0,0,0,0,0,0,0,0,0,0,0,0
N,684,684,684,684,684,684,684,684,684,684,684,684,684,684,684,684,682,684,684,684,684,684,684
